{"cameraMode":{"drawMode":0,"name":"Shaded","section":"Shading Mode"},"sceneLighting":true,"audioPlay":false,"sceneViewState":{"showFog":true,"showMaterialUpdate":false,"showSkybox":true,"showFlares":true,"showImageEffects":true,"showParticleSystems":true},"in2DMode":false,"pivot":{"x":-0.2125759720802307,"y":0.36707574129104617,"z":1.695778727531433},"rotation":{"x":-0.3984113335609436,"y":0.01017799787223339,"z":-0.0044212061911821369,"w":-0.9171425104141235},"size":6.390347480773926,"orthographic":false}